﻿<?xml version="1.0" encoding="utf-8" ?>
<profile>
  <environments>
    <add name="dev" dataCenter="sh" target="dev" iis="IIS6, IIS7" net="Net2,Net4" />
    <add name="fws" dataCenter="sh,nt" target="fws" iis="IIS6, IIS7" net="Net2,Net4" />
    <add name="fat" dataCenter="sh,nt" target="fat" iis="IIS6, IIS7" net="Net2,Net4" />
    <add name="uat" dataCenter="sh,nt" target="uat" iis="IIS6, IIS7" net="Net2,Net4" />
    <add name="uat_nt" dataCenter="nt" target="uat_nt" iis="IIS7" net="Net4" />
    <add name="lpt" dataCenter="sh,nt" target="lpt" iis="IIS6, IIS7" net="Net2,Net4" />
    <add name="prd" dataCenter="all" target="prd" iis="all" net="all" />
  </environments>
  <dev>
    <Debug>false</Debug>
    <CustomErrorsMode>Off</CustomErrorsMode>
    <restfullApiHttps>https://restful.m.uat.qa.nt.ctripcorp.com</restfullApiHttps>
    <restfullApi>http://gateway.m.uat.qa.nt.ctripcorp.com</restfullApi>
    <WebresourceBaseUrl>http://webresource.fws.qa.nt.ctripcorp.com/</WebresourceBaseUrl>
    <WebresourcePDBaseUrl>/webapp/myctrip/webresource/</WebresourcePDBaseUrl>
  </dev>

  <fws>
    <Debug>false</Debug>
    <CustomErrorsMode>Off</CustomErrorsMode>
    <restfullApiHttps>https://secure.fat19.qa.nt.ctripcorp.com</restfullApiHttps>
    <restfullApi>http://gateway.m.fws.qa.nt.ctripcorp.com</restfullApi>
    <WebresourceBaseUrl>http://webresource.fws.qa.nt.ctripcorp.com/</WebresourceBaseUrl>
    <WebresourcePDBaseUrl>/webapp/myctrip/webresource/</WebresourcePDBaseUrl>
  </fws>

  <fat>
    <Debug>false</Debug>
    <CustomErrorsMode>Off</CustomErrorsMode>
    <restfullApiHttps>https://secure.fat19.qa.nt.ctripcorp.com</restfullApiHttps>
    <restfullApi>http://gateway.m.fws.qa.nt.ctripcorp.com</restfullApi>
    <WebresourceBaseUrl>http://webresource.fws.qa.nt.ctripcorp.com/</WebresourceBaseUrl>
    <WebresourcePDBaseUrl>/webapp/myctrip/webresource/</WebresourcePDBaseUrl>
  </fat>

  <uat>
    <Debug>false</Debug>
    <CustomErrorsMode>Off</CustomErrorsMode>
    <restfullApiHttps>https://restful.m.uat.qa.nt.ctripcorp.com</restfullApiHttps>
    <restfullApi>http://gateway.m.uat.qa.nt.ctripcorp.com</restfullApi>
    <WebresourceBaseUrl>http://webresource.fws.qa.nt.ctripcorp.com/</WebresourceBaseUrl>
    <WebresourcePDBaseUrl>/webapp/myctrip/webresource/</WebresourcePDBaseUrl>
  </uat>

  <uat_nt>
    <Debug>false</Debug>
    <CustomErrorsMode>Off</CustomErrorsMode>
    <restfullApiHttps>https://restful.m.uat.qa.nt.ctripcorp.com</restfullApiHttps>
    <restfullApi>http://gateway.m.uat.qa.nt.ctripcorp.com</restfullApi>
    <WebresourceBaseUrl>http://webresource.fws.qa.nt.ctripcorp.com/</WebresourceBaseUrl>
    <WebresourcePDBaseUrl>/webapp/myctrip/webresource/</WebresourcePDBaseUrl>
  </uat_nt>

  <lpt>
    <Debug>false</Debug>
    <CustomErrorsMode>Off</CustomErrorsMode>
    <restfullApiHttps>http://gateway.m.lpt.qa.nt.ctripcorp.com/restapi/soa2/10098/</restfullApiHttps>
    <restfullApi>http://gateway.m.lpt.qa.nt.ctripcorp.com/</restfullApi>
    <WebresourceBaseUrl>http://webresource.ctrip.com/</WebresourceBaseUrl>
    <WebresourcePDBaseUrl>/webapp/myctrip/webresource/</WebresourcePDBaseUrl>
  </lpt>

  <prd>
    <Debug>false</Debug>
    <CustomErrorsMode>Off</CustomErrorsMode>
    <restfullApiHttps>https://wpg.ctrip.com</restfullApiHttps>
    <restfullApi>http://m.ctrip.com</restfullApi>
    <WebresourceBaseUrl>http://webresource.ctrip.com/</WebresourceBaseUrl>
    <WebresourcePDBaseUrl>/webapp/myctrip/webresource/</WebresourcePDBaseUrl>
  </prd>
</profile>
